IMG_0349.jpeg,1
IMG_0350.jpeg,1
IMG_0351.jpeg,1
IMG_0352.jpeg,1
IMG_0353.jpeg,1
IMG_0354.jpeg,1
IMG_0355.jpeg,1
IMG_0356.jpeg,1
IMG_0357.jpeg,1
IMG_0358.jpeg,1
IMG_0359.jpeg,1
IMG_0360.jpeg,1
IMG_0361.jpeg,1
IMG_0362.jpeg,1
IMG_0363.jpeg,1
IMG_0364.jpeg,1
IMG_0365.jpeg,1
IMG_0366.jpeg,1
IMG_0367.jpeg,2
IMG_0368.jpeg,2
IMG_0369.jpeg,2
IMG_0370.jpeg,2
IMG_0371.jpeg,2
IMG_0372.jpeg,2
IMG_0373.jpeg,2
IMG_0374.jpeg,2
IMG_0375.jpeg,2
IMG_0376.jpeg,2
IMG_0377.jpeg,2
IMG_0378.jpeg,2
IMG_0379.jpeg,2
IMG_0380.jpeg,2
IMG_0381.jpeg,2
IMG_0382.jpeg,2
IMG_0383.jpeg,2
IMG_0384.jpeg,2
IMG_0385.jpeg,2
IMG_0386.jpeg,2
IMG_0387.jpeg,2
IMG_0388.jpeg,2
IMG_0389.jpeg,3
IMG_0390.jpeg,3
IMG_0391.jpeg,3
IMG_0392.jpeg,3
IMG_0393.jpeg,3
IMG_0394.jpeg,3
IMG_0395.jpeg,3
IMG_0396.jpeg,3
IMG_0397.jpeg,3
IMG_0398.jpeg,3
IMG_0399.jpeg,3
IMG_0400.jpeg,3
IMG_0401.jpeg,3
IMG_0402.jpeg,3
IMG_0403.jpeg,3
IMG_0404.jpeg,3
IMG_0405.jpeg,3
IMG_0406.jpeg,3
IMG_0407.jpeg,3
IMG_0408.jpeg,3
IMG_0409.jpeg,3
IMG_0410.jpeg,3
IMG_0411.jpeg,3
IMG_0412.jpeg,3
IMG_0413.jpeg,3
IMG_0414.jpeg,3
IMG_0415.jpeg,4
IMG_0416.jpeg,4
IMG_0417.jpeg,4
IMG_0418.jpeg,4
IMG_0419.jpeg,4
IMG_0420.jpeg,4
IMG_0421.jpeg,4
IMG_0422.jpeg,4
IMG_0423.jpeg,4
IMG_0424.jpeg,4
IMG_0425.jpeg,4
IMG_0426.jpeg,4
IMG_0427.jpeg,4
IMG_0428.jpeg,4
IMG_0429.jpeg,4
IMG_0430.jpeg,4
IMG_0431.jpeg,4
IMG_0432.jpeg,4
IMG_0433.jpeg,4
IMG_0434.jpeg,4
IMG_0435.jpeg,4
IMG_0436.jpeg,4
IMG_0437.jpeg,4
IMG_0438.jpeg,4